No.,Answer,Date
350,froth,2022-06-04
349,phase,2022-06-03
348,showy,2022-06-02
347,creak,2022-06-01
346,manor,2022-05-31
345,atoll,2022-05-30
344,bayou,2022-05-29
343,crept,2022-05-28
342,tiara,2022-05-27
341,asset,2022-05-26
340,vouch,2022-05-25
339,album,2022-05-24
338,hinge,2022-05-23
337,money,2022-05-22
336,scrap,2022-05-21
335,gamer,2022-05-20
334,glass,2022-05-19
333,scour,2022-05-18
332,being,2022-05-17
331,delve,2022-05-16
330,yield,2022-05-15
329,metal,2022-05-14
328,tipsy,2022-05-13
327,slung,2022-05-12
326,farce,2022-05-11
325,gecko,2022-05-10
325,butch,2022-05-10
324,shine,2022-05-09
324,fetus,2022-05-09
323,canny,2022-05-08
322,midst,2022-05-07
321,badge,2022-05-06
320,homer,2022-05-05
319,train,2022-05-04
318,hairy,2022-05-03
317,story,2022-05-02
316,forgo,2022-05-01
315,larva,2022-04-30
314,trash,2022-04-29
313,zesty,2022-04-28
312,shown,2022-04-27
311,heist,2022-04-26
310,askew,2022-04-25
309,olive,2022-04-24
308,plant,2022-04-23
307,oxide,2022-04-22
306,cargo,2022-04-21
305,foyer,2022-04-20
304,flair,2022-04-19
303,ample,2022-04-18
302,cheek,2022-04-17
301,shame,2022-04-16
300,mince,2022-04-15
299,chunk,2022-04-14
298,royal,2022-04-13
297,squad,2022-04-12
296,black,2022-04-11
295,stair,2022-04-10
294,scare,2022-04-09
293,foray,2022-04-08
292,comma,2022-04-07
291,natal,2022-04-06
290,shawl,2022-04-05
289,fewer,2022-04-04
288,trope,2022-04-03
287,snout,2022-04-02
286,lowly,2022-04-01
285,stove,2022-03-31
284,harry,2022-03-30
283,shall,2022-03-29
282,found,2022-03-28
281,nymph,2022-03-27
280,epoxy,2022-03-26
279,depot,2022-03-25
278,chest,2022-03-24
277,purge,2022-03-23
276,slosh,2022-03-22
275,their,2022-03-21
274,renew,2022-03-20
273,allow,2022-03-19
272,saute,2022-03-18
271,movie,2022-03-17
270,cater,2022-03-16
269,tease,2022-03-15
268,smelt,2022-03-14
267,focus,2022-03-13
266,today,2022-03-12
265,watch,2022-03-11
264,lapse,2022-03-10
263,month,2022-03-09
262,sweet,2022-03-08
261,hoard,2022-03-07
260,cloth,2022-03-06
259,brine,2022-03-05
258,ahead,2022-03-04
257,mourn,2022-03-03
256,nasty,2022-03-02
255,rupee,2022-03-01
254,choke,2022-02-28
253,chant,2022-02-27
252,spill,2022-02-26
251,vivid,2022-02-25
250,bloke,2022-02-24
249,trove,2022-02-23
248,thorn,2022-02-22
247,other,2022-02-21
246,tacit,2022-02-20
245,swill,2022-02-19
244,dodge,2022-02-18
243,shake,2022-02-17
242,caulk,2022-02-16
241,aroma,2022-02-15
240,cynic,2022-02-14
239,robin,2022-02-13
238,ultra,2022-02-12
237,ulcer,2022-02-11
236,pause,2022-02-10
235,humor,2022-02-09
234,frame,2022-02-08
233,elder,2022-02-07
232,skill,2022-02-06
231,aloft,2022-02-05
230,pleat,2022-02-04
229,shard,2022-02-03
228,moist,2022-02-02
227,those,2022-02-01
226,light,2022-01-31
225,wrung,2022-01-30
224,could,2022-01-29
223,perky,2022-01-28
222,mount,2022-01-27
221,whack,2022-01-26
220,sugar,2022-01-25
219,knoll,2022-01-24
218,crimp,2022-01-23
217,wince,2022-01-22
216,prick,2022-01-21
215,robot,2022-01-20
214,point,2022-01-19
213,proxy,2022-01-18
212,shire,2022-01-17
211,solar,2022-01-16
210,panic,2022-01-15
209,tangy,2022-01-14
208,abbey,2022-01-13
207,favor,2022-01-12
206,drink,2022-01-11
205,query,2022-01-10
204,gorge,2022-01-09
203,crank,2022-01-08
202,slump,2022-01-07
201,banal,2022-01-06
200,tiger,2022-01-05
199,siege,2022-01-04
198,truss,2022-01-03
197,boost,2022-01-02
196,rebus,2022-01-01
195,unify,2021-12-31
194,troll,2021-12-30
193,tapir,2021-12-29
192,aside,2021-12-28
191,ferry,2021-12-27
190,acute,2021-12-26
189,picky,2021-12-25
188,weary,2021-12-24
187,gripe,2021-12-23
186,craze,2021-12-22
185,pluck,2021-12-21
184,brake,2021-12-20
183,baton,2021-12-19
182,champ,2021-12-18
181,peach,2021-12-17
180,using,2021-12-16
179,trace,2021-12-15
178,vital,2021-12-14
177,sonic,2021-12-13
176,masse,2021-12-12
175,conic,2021-12-11
174,viral,2021-12-10
173,rhino,2021-12-09
172,break,2021-12-08
171,triad,2021-12-07
170,epoch,2021-12-06
169,usher,2021-12-05
168,exult,2021-12-04
167,grime,2021-12-03
166,cheat,2021-12-02
165,solve,2021-12-01
164,bring,2021-11-30
163,prove,2021-11-29
162,store,2021-11-28
161,tilde,2021-11-27
160,clock,2021-11-26
159,wrote,2021-11-25
158,retch,2021-11-24
157,perch,2021-11-23
156,rouge,2021-11-22
155,radio,2021-11-21
154,surer,2021-11-20
153,finer,2021-11-19
152,vodka,2021-11-18
151,heron,2021-11-17
150,chill,2021-11-16
149,gaudy,2021-11-15
148,pithy,2021-11-14
147,smart,2021-11-13
146,badly,2021-11-12
145,rogue,2021-11-11
144,group,2021-11-10
143,fixer,2021-11-09
142,groin,2021-11-08
141,duchy,2021-11-07
140,coast,2021-11-06
139,blurt,2021-11-05
138,pulpy,2021-11-04
137,altar,2021-11-03
136,great,2021-11-02
135,briar,2021-11-01
134,click,2021-10-31
133,gouge,2021-10-30
132,world,2021-10-29
131,erode,2021-10-28
130,boozy,2021-10-27
129,dozen,2021-10-26
128,fling,2021-10-25
127,growl,2021-10-24
126,abyss,2021-10-23
125,steed,2021-10-22
124,enema,2021-10-21
123,jaunt,2021-10-20
122,comet,2021-10-19
121,tweed,2021-10-18
120,pilot,2021-10-17
119,dutch,2021-10-16
118,belch,2021-10-15
117,ought,2021-10-14
116,dowry,2021-10-13
115,thumb,2021-10-12
114,hyper,2021-10-11
113,hatch,2021-10-10
112,alone,2021-10-09
111,motor,2021-10-08
110,aback,2021-10-07
109,guild,2021-10-06
108,kebab,2021-10-05
107,spend,2021-10-04
106,fjord,2021-10-03
105,essay,2021-10-02
104,spray,2021-10-01
103,spicy,2021-09-30
102,agate,2021-09-29
101,salad,2021-09-28
100,basic,2021-09-27
99,moult,2021-09-26
98,corny,2021-09-25
97,forge,2021-09-24
96,civic,2021-09-23
95,islet,2021-09-22
94,labor,2021-09-21
93,gamma,2021-09-20
92,lying,2021-09-19
91,audit,2021-09-18
90,round,2021-09-17
89,loopy,2021-09-16
88,lusty,2021-09-15
87,golem,2021-09-14
86,goner,2021-09-13
85,greet,2021-09-12
84,start,2021-09-11
83,lapel,2021-09-10
82,biome,2021-09-09
81,parry,2021-09-08
80,shrub,2021-09-07
79,front,2021-09-06
78,wooer,2021-09-05
77,totem,2021-09-04
76,flick,2021-09-03
75,delta,2021-09-02
74,bleed,2021-09-01
73,argue,2021-08-31
72,swirl,2021-08-30
71,error,2021-08-29
70,agree,2021-08-28
69,offal,2021-08-27
68,flume,2021-08-26
67,crass,2021-08-25
66,panel,2021-08-24
65,stout,2021-08-23
64,bribe,2021-08-22
63,drain,2021-08-21
62,yearn,2021-08-20
61,print,2021-08-19
60,seedy,2021-08-18
59,ivory,2021-08-17
58,belly,2021-08-16
57,stand,2021-08-15
56,first,2021-08-14
55,forth,2021-08-13
54,booby,2021-08-12
53,flesh,2021-08-11
52,unmet,2021-08-10
51,linen,2021-08-09
50,maxim,2021-08-08
49,pound,2021-08-07
48,mimic,2021-08-06
47,spike,2021-08-05
46,cluck,2021-08-04
45,crate,2021-08-03
44,digit,2021-08-02
43,repay,2021-08-01
42,sower,2021-07-31
41,crazy,2021-07-30
40,adobe,2021-07-29
39,outdo,2021-07-28
38,trawl,2021-07-27
37,whelp,2021-07-26
36,unfed,2021-07-25
35,paper,2021-07-24
34,staff,2021-07-23
33,croak,2021-07-22
32,helix,2021-07-21
31,floss,2021-07-20
30,pride,2021-07-19
29,batty,2021-07-18
28,react,2021-07-17
27,marry,2021-07-16
26,abase,2021-07-15
25,colon,2021-07-14
24,stool,2021-07-13
23,crust,2021-07-12
22,fresh,2021-07-11
21,death,2021-07-10
20,major,2021-07-09
19,feign,2021-07-08
18,abate,2021-07-07
17,bench,2021-07-06
16,quiet,2021-07-05
15,grade,2021-07-04
14,stink,2021-07-03
13,karma,2021-07-02
12,model,2021-07-01
11,dwarf,2021-06-30
10,heath,2021-06-29
9,serve,2021-06-28
8,naval,2021-06-27
7,evade,2021-06-26
6,focal,2021-06-25
5,blush,2021-06-24
4,awake,2021-06-23
3,humph,2021-06-22
2,sissy,2021-06-21
1,rebut,2021-06-20
0,cigar,2021-06-19